Product Name,Best-selling Style,Material,Price Range (USD),TikTok Popular Hashtags,Sales/Heat Rating,Bestseller Reasons
Satin Bow Pajama Set,Light blue/white satin with bow details,Satin/Silk-like,$15-30,#viralpajamas #satinpajamas #cozyaesthetic #bowpajamas,🔥🔥🔥 High Heat,"Visual appeal: Satin shines under lighting; Coquette aesthetic with bows trending; Feminine and airy vibes"
5-Piece Luxury Satin Pajama Set,"Top + pants + shorts + eye mask + headband (5 pieces)",Ice Silk/Satin,$20-40,#luxurypajamas #5piecepajamas #tiktokmademebuyit,🔥🔥🔥 Viral Hit,"High perceived value from multi-piece set; Luxury feel at affordable price; Complete sleepwear solution"
Cartoon Print 4-Piece Pajama Set,Short sleeve + shorts + pants + top (4 pieces),Cotton Blend,$10-25,#cartoonpajamas #cutepajamas #kawaiipajamas #sleepwear,🔥🔥 Medium-High Heat,"Kawaii/cute aesthetic popular; Comfortable cotton material; Versatile 4-piece options"
Ombre 2-Piece Pajama Set,Round neck short sleeve + ombre loose pants,Polyester,$8-20,#ombre #trendypajamas #loungewear #matchingpajamas,🔥🔥 Medium Heat,"Trendy ombre gradient design; Affordable entry price; Fashionable loungewear style"
Ice Silk Short Pajama Set,Short sleeve + shorts (multiple colors available),Ice Silk,$12-28,#icesilk #summerpajamas #breathable #softpajamas,🔥🔥 Medium Heat,"Cooling fabric for summer; Breathable and lightweight; Multiple color options"
,,,,,,
Data Source:,TikTok Shop Trend Analysis 2024-2025,,,,,
Generated:,2026-03-02,,,,,
Notes:,"Price ranges are estimates based on TikTok Shop listings. Hashtags are actively trending on TikTok as of March 2025.",,,,,
